{"weights": [[0.053677086473410324, -0.1271953028325073, -0.06924342890146684, 0.019067434553261042, -0.0810861492371999], [-0.08613789561233932, 0.2299480705267656, 0.08082075897427157, -0.12993469374280292, 0.20284630054439223], [0.035937235207368856, -0.11049820659117082, -0.12272691800456484, 0.04526428004161605, -0.1301448641690317]], "epsilon": 0.1}