{"weights": [[0.25236999202070376, -0.27849798429659145, -0.30551668581168323, 0.2553406914634774, -0.2688773993008109], [-0.4716529146422981, 0.5235327426629142, 0.5395796450977836, -0.5886935798663148, 0.5670583693551862], [0.22275934869003416, -0.25278019726323553, -0.34521254721786077, 0.267749909254912, -0.3065656829162151]], "epsilon": 0.1}