{"weights": [[0.0697223076713384, -0.1065942813795415, -0.09063705716537093, 0.04046106281716514, -0.05399777065449868], [-0.11936315192503871, 0.19196590716431727, 0.12512110072453744, -0.1742350354930688, 0.15259982498194025], [0.053117270322140184, -0.09311706468168829, -0.14563363149092662, 0.06817099352797781, -0.10698676718928092]], "epsilon": 0.1}