{"weights": [[0.031280794733309594, -0.10743386894418312, -0.04289485038370128, -0.007281143964504522, -0.05473757071943433], [-0.043742812916111, 0.19254064461832884, 0.0309441910963559, -0.08005812586488725, 0.15296973266647654], [0.015938444251241256, -0.09285221457105823, -0.09919892864441472, 0.02173629068146593, -0.1066168748088816]], "epsilon": 0.1}