{
  "weights": [
    [
      0.03632442268422366,
      0.025620503702284615,
      -0.03394044888570788,
      0.05224386630836649,
      0.04233694582513521,
      0.017868451326274137,
      -0.009372876755196616,
      0.06632967533299448,
      -0.013666550848794527,
      -0.025493119642182392
    ],
    [
      -0.037582286069322,
      -0.05491855117600209,
      -0.02612048895685864,
      -0.09145992864176919,
      0.07107939346209456,
      0.004716715598219936,
      0.06859628171015408,
      -0.07176714067730675,
      0.22419016018766014,
      -0.06548886584517344
    ],
    [
      0.017646265894527845,
      0.0021485913051430827,
      -0.02575748170033599,
      -0.05303114880187202,
      -0.029059466872198087,
      -0.016761615610618598,
      -0.08868680164238846,
      -0.06727044532180884,
      -0.1526389450678099,
      0.004984186535658056
    ]
  ],
  "epsilon": 0.08
}