{
  "weights": [
    [
      0.034328295201138295,
      0.025890703486213074,
      -0.0374474612134691,
      0.05558810981555965,
      0.04116090138111306,
      0.017756393352644534,
      0.19238190103512545,
      0.07007059753125097,
      -0.013666550848794527,
      -0.0246622279675692
    ],
    [
      -1.0824430903342248,
      3.607988394767635,
      -4.209493126694121,
      4.320091536032077,
      -1.0422932585838052,
      -0.020628067268007828,
      -0.020085923713771,
      5.4431121326199285,
      0.22419016018766014,
      1.0374041761168757
    ],
    [
      1.0645031976425157,
      -3.661028554422425,
      4.161122168364688,
      -4.4679268569829125,
      1.0854892296177239,
      0.008695225229238771,
      -0.2017593740087854,
      -5.585890640817301,
      -0.1526389450678099,
      -1.0987397471010043
    ]
  ],
  "epsilon": 0.08
}