{
  "weights": [
    [
      0.03926226702592004,
      0.030438968441794213,
      -0.03225635147588695,
      0.056006969965183645,
      0.0459504075966305,
      0.013299896319146352,
      0.18764296862305785,
      0.07691274926770446,
      -0.013666550848794527,
      -0.023293797620278504
    ],
    [
      -1.087535829802649,
      3.6032938696642143,
      -4.214851342405881,
      4.319672400711775,
      -1.047236942834932,
      -0.01601761096968212,
      -0.015182058521775454,
      5.436049726546891,
      0.22419016018766014,
      1.035991694902268
    ],
    [
      1.0646619652861582,
      -3.660882294274585,
      4.161289274338865,
      -4.467926581812234,
      1.0856434076533332,
      0.00854126596441124,
      -0.20192430678871334,
      -5.585670386480715,
      -0.1526389450678099,
      -1.0986956962336873
    ]
  ],
  "epsilon": 0.08
}